[{"token": "1000.000", "status": "Pending", "date": "2022-06-01 05:35:25"}, {"token": "1.000", "status": "Pending", "date": "2022-06-01 06:05:11"}, {"token": "1.000", "status": "Rejected", "date": "2022-06-01 06:09:10"}, {"token": "99", "status": "Accepted", "date": "2022-06-01 11:05:31"}, {"token": "0.001", "status": "Rejected", "date": "2022-06-02 05:44:44"}, {"token": "10.000", "status": "Rejected", "date": "2022-06-02 09:56:01"}, {"token": "10.000", "status": "Rejected", "date": "2022-06-02 10:36:21"}, {"token": "10.000", "status": "Accepted", "date": "2022-06-03 12:28:29"}, {"token": "10.000", "status": "Pending", "date": "2022-06-03 12:31:57"}, {"token": "20.000", "status": "Rejected", "date": "2022-06-03 12:32:23"}, {"token": "10.000", "status": "Rejected", "date": "2022-06-03 12:34:29"}, {"token": "25.000", "status": "Accepted", "date": "2022-06-03 14:33:53"}, {"token": "5.000", "status": "Accepted", "date": "2022-06-07 17:33:57"}, {"token": "10.000", "status": "Accepted", "date": "2022-06-08 06:40:29"}, {"token": "10.000", "status": "Rejected", "date": "2022-06-08 11:40:26"}, {"token": "10", "status": "Rejected", "date": "2022-06-08 11:53:41"}, {"token": "6.000", "status": "Rejected", "date": "2022-06-08 12:29:51"}, {"token": "0.001", "status": "Accepted", "date": "2022-06-08 14:25:40"}, {"token": "1", "status": "Accepted", "date": "2022-06-09 09:26:57"}, {"token": "1", "status": "Accepted", "date": "2022-06-09 09:48:56"}, {"token": "1", "status": "Accepted", "date": "2022-06-09 09:49:29"}, {"token": "4", "status": "Rejected", "date": "2022-06-09 09:50:16"}, {"token": "7", "status": "Pending", "date": "2022-06-09 09:50:57"}, {"token": "10", "status": "Accepted", "date": "2022-06-10 07:54:12"}, {"token": "10.000", "status": "Accepted", "date": "2022-06-10 09:57:57"}, {"token": "1000.000", "status": "Rejected", "date": "2022-06-11 13:34:25"}, {"token": "1.000", "status": "Rejected", "date": "2022-06-12 02:23:26"}, {"token": "5.000", "status": "Pending", "date": "2022-06-21 21:23:06"}, {"token": "3.000", "status": "Accepted", "date": "2022-06-21 21:23:29"}, {"token": "2.000", "status": "Pending", "date": "2022-06-23 21:33:54"}, {"token": "1.000", "status": "Accepted", "date": "2022-06-24 11:51:27"}, {"token": "1.000", "status": "Accepted", "date": "2022-06-29 11:07:12"}, {"token": "1.000", "status": "Accepted", "date": "2022-06-30 13:51:24"}, {"token": "5.000", "status": "Pending", "date": "2022-07-05 10:48:27"}, {"token": "0.001", "status": "Pending", "date": "2022-07-05 10:50:38"}, {"token": "10.0", "status": "Pending", "date": "2022-07-12 07:54:36"}, {"token": "10.000", "status": "Pending", "date": "2022-07-12 20:34:21"}, {"token": "1.000", "status": "Pending", "date": "2022-07-29 10:15:45"}, {"token": "10.000", "status": "Accepted", "date": "2022-07-30 10:35:31"}, {"token": "10.000", "status": "Pending", "date": "2022-08-09 06:52:35"}, {"token": "10.000", "status": "Rejected", "date": "2022-08-16 15:33:54"}, {"token": "", "status": "Pending", "date": "2022-08-19 18:01:01"}, {"token": ".750", "status": "Pending", "date": "2022-08-23 15:06:36"}, {"token": "10.000", "status": "Pending", "date": "2022-08-25 09:06:15"}]