[{"datetime": "2022-05-31 21:21:35", "amount": "10.750"}, {"datetime": "2022-05-30 10:49:21", "amount": "1000.000"}, {"datetime": "2022-08-23 20:35:34", "amount": "0.250"}, {"datetime": "2022-06-24 03:04:25", "amount": "3.000"}, {"datetime": "2022-06-07 23:09:00", "amount": "1.000"}, {"datetime": "2022-05-30 10:39:54", "amount": "1000.000"}, {"datetime": "2022-06-10 17:31:27", "amount": "1.000"}, {"datetime": "2022-06-09 10:07:51", "amount": "2.000"}, {"datetime": "2022-06-07 23:12:38", "amount": "5.000"}, {"datetime": "2022-05-30 10:53:40", "amount": "1000.000"}, {"datetime": "2022-05-30 10:44:50", "amount": "1000.000"}, {"datetime": "2022-08-19 16:52:32", "amount": "1.000"}, {"datetime": "2022-08-18 12:47:10", "amount": "0.000"}, {"datetime": "2022-08-17 17:49:57", "amount": "10.000"}, {"datetime": "2022-06-10 11:39:13", "amount": "10.000"}, {"datetime": "2022-06-07 14:06:09", "amount": "0.001"}, {"datetime": "2022-06-07 09:53:29", "amount": "10.000"}, {"datetime": "2022-06-05 22:09:05", "amount": "25.000"}, {"datetime": "2022-06-03 20:11:39", "amount": "1.109"}, {"datetime": "2022-06-03 19:33:40", "amount": "0.001"}, {"datetime": "2022-06-03 19:26:12", "amount": "0.001"}, {"datetime": "2022-06-03 18:12:22", "amount": "0.001"}, {"datetime": "2022-06-03 18:10:06", "amount": "0.001"}, {"datetime": "2022-06-03 18:07:51", "amount": "0.001"}, {"datetime": "2022-06-03 18:06:56", "amount": "0.001"}, {"datetime": "2022-06-03 17:51:09", "amount": "26.000"}, {"datetime": "2022-06-03 17:49:53", "amount": "26.000"}, {"datetime": "2022-06-03 17:47:34", "amount": "0.001"}, {"datetime": "2022-06-03 17:29:47", "amount": "0.001"}, {"datetime": "2022-06-03 15:46:10", "amount": "0.001"}, {"datetime": "2022-06-03 15:45:24", "amount": "0.001"}, {"datetime": "2022-06-03 15:43:12", "amount": "0.001"}, {"datetime": "2022-06-03 15:38:29", "amount": "0.001"}, {"datetime": "2022-06-03 15:32:54", "amount": "0.001"}, {"datetime": "2022-06-03 15:22:15", "amount": "0.001"}, {"datetime": "2022-06-03 15:20:24", "amount": "9.000"}, {"datetime": "2022-06-03 15:16:45", "amount": "2.000"}, {"datetime": "2022-06-03 15:14:21", "amount": "5.000"}, {"datetime": "2022-06-03 15:12:26", "amount": "8.000"}, {"datetime": "2022-06-03 15:07:18", "amount": "0.001"}, {"datetime": "2022-06-03 15:06:15", "amount": "0.001"}, {"datetime": "2022-06-03 11:50:16", "amount": "0.001"}, {"datetime": "2022-06-03 11:48:47", "amount": "0.001"}, {"datetime": "2022-06-03 11:36:33", "amount": "0.001"}, {"datetime": "2022-06-03 11:34:56", "amount": "0.001"}, {"datetime": "2022-06-03 11:28:03", "amount": "0.001"}, {"datetime": "2022-06-03 11:24:32", "amount": "0.001"}, {"datetime": "2022-06-03 10:52:49", "amount": "10.000"}, {"datetime": "2022-06-03 10:12:23", "amount": "0.001"}, {"datetime": "2022-06-03 10:01:30", "amount": "1.000"}, {"datetime": "2022-06-03 09:58:18", "amount": "1.000"}, {"datetime": "2022-06-02 11:16:30", "amount": "0.001"}, {"datetime": "2022-06-01 11:02:10", "amount": "10.000"}, {"datetime": "2022-06-22 02:40:09", "amount": "15.000"}, {"datetime": "2022-06-11 12:18:26", "amount": "1000.000"}, {"datetime": "2022-06-22 02:52:46", "amount": "5.000"}, {"datetime": "2022-06-10 19:15:04", "amount": "2.000"}, {"datetime": "2022-06-07 23:02:13", "amount": "5.000"}, {"datetime": "2022-06-03 18:04:44", "amount": "0.001"}, {"datetime": "2022-06-03 10:04:13", "amount": "0.001"}, {"datetime": "2022-05-30 10:59:19", "amount": "1000.000"}, {"datetime": "2022-05-30 10:57:58", "amount": "1000.000"}, {"datetime": "2022-05-30 12:18:09", "amount": "1000.000"}, {"datetime": "2022-06-22 02:42:46", "amount": "7.560"}, {"datetime": "2022-06-11 12:06:53", "amount": "1000.000"}, {"datetime": "2022-06-22 02:41:46", "amount": "5.750"}, {"datetime": "2022-06-11 12:05:58", "amount": "1000.000"}, {"datetime": "2022-06-22 02:41:04", "amount": "8.500"}, {"datetime": "2022-06-11 12:16:15", "amount": "1000.000"}, {"datetime": "2022-05-31 20:58:23", "amount": "15.000"}, {"datetime": "2022-05-30 10:34:27", "amount": "1000.000"}, {"datetime": "2022-06-22 02:43:24", "amount": "9.500"}, {"datetime": "2022-06-11 12:19:34", "amount": "1000.000"}, {"datetime": "2022-08-09 12:11:17", "amount": "10.000"}, {"datetime": "2022-07-08 14:16:01", "amount": "10000.000"}, {"datetime": "2022-08-17 17:43:11", "amount": "10.000"}, {"datetime": "2022-07-12 13:18:54", "amount": "0.010"}, {"datetime": "2022-07-05 16:14:53", "amount": "0.001"}, {"datetime": "2022-06-29 12:07:47", "amount": "1.000"}, {"datetime": "2022-06-28 15:24:28", "amount": "6.000"}, {"datetime": "2022-06-24 18:51:24", "amount": "1.000"}, {"datetime": "2022-06-20 16:58:08", "amount": "0.001"}, {"datetime": "2022-06-20 11:03:39", "amount": "0.001"}, {"datetime": "2022-06-12 07:54:01", "amount": "1.000"}, {"datetime": "2022-06-10 18:39:48", "amount": "5.000"}, {"datetime": "2022-06-10 12:31:14", "amount": "0.001"}, {"datetime": "2022-06-08 19:57:34", "amount": "0.001"}, {"datetime": "2022-06-08 18:21:39", "amount": "0.001"}, {"datetime": "2022-06-08 15:25:19", "amount": "10.000"}, {"datetime": "2022-06-06 09:48:24", "amount": "99.000"}, {"datetime": "2022-06-03 18:00:42", "amount": "100.000"}, {"datetime": "2022-08-13 11:29:41", "amount": "1000.000"}, {"datetime": "2022-08-16 23:14:39", "amount": "8.000"}, {"datetime": "2022-08-13 11:29:58", "amount": "1000.000"}, {"datetime": "2022-08-09 12:11:17", "amount": "10.000"}, {"datetime": "2022-07-08 14:16:01", "amount": "10000.000"}, {"datetime": "2022-07-18 16:46:13", "amount": "0.001"}, {"datetime": "2022-07-05 16:15:57", "amount": "1.000"}, {"datetime": "2022-07-04 12:43:50", "amount": "0.001"}, {"datetime": "2022-07-04 12:43:08", "amount": "0.001"}, {"datetime": "2022-07-04 12:42:25", "amount": "0.001"}, {"datetime": "2022-07-04 12:40:22", "amount": "0.001"}, {"datetime": "2022-07-01 11:51:54", "amount": "1.000"}, {"datetime": "2022-06-29 16:59:35", "amount": "1.000"}, {"datetime": "2022-06-29 16:50:06", "amount": "5.000"}, {"datetime": "2022-06-24 17:26:34", "amount": "1.000"}, {"datetime": "2022-06-24 17:23:32", "amount": "1.000"}, {"datetime": "2022-06-20 11:54:51", "amount": "1.000"}, {"datetime": "2022-06-13 14:41:43", "amount": "1.000"}, {"datetime": "2022-06-11 18:55:54", "amount": "1.000"}, {"datetime": "2022-06-11 18:36:49", "amount": "1.000"}, {"datetime": "2022-06-10 15:11:23", "amount": "0.001"}, {"datetime": "2022-06-09 14:04:51", "amount": "100.000"}, {"datetime": "2022-08-25 14:35:04", "amount": "1.000"}, {"datetime": "2022-08-19 17:20:59", "amount": "5.000"}, {"datetime": "2022-08-18 12:47:06", "amount": "0.000"}, {"datetime": "2022-08-16 21:01:22", "amount": "1.000"}, {"datetime": "2022-08-16 14:40:03", "amount": "0.001"}, {"datetime": "2022-08-16 09:22:57", "amount": "10.000"}, {"datetime": "2022-07-30 15:59:16", "amount": "10.000"}, {"datetime": "2022-06-30 21:44:35", "amount": "1.000"}, {"datetime": "2022-06-30 21:39:21", "amount": "1.000"}, {"datetime": "2022-06-30 21:38:01", "amount": "0.001"}, {"datetime": "2022-06-30 21:35:58", "amount": "1.000"}, {"datetime": "2022-06-30 21:34:20", "amount": "1.000"}, {"datetime": "2022-06-30 21:12:12", "amount": "1.000"}, {"datetime": "2022-06-30 19:53:32", "amount": "1.000"}, {"datetime": "2022-06-29 16:44:34", "amount": "1.000"}, {"datetime": "2022-06-29 16:42:57", "amount": "1.000"}, {"datetime": "2022-06-29 16:41:06", "amount": "10.000"}, {"datetime": "2022-06-29 16:31:49", "amount": "10.000"}, {"datetime": "2022-06-24 16:13:54", "amount": "0.001"}, {"datetime": "2022-06-13 14:45:49", "amount": "1.000"}, {"datetime": "2022-06-13 14:34:44", "amount": "1.000"}, {"datetime": "2022-06-12 15:13:13", "amount": "1.000"}, {"datetime": "2022-06-12 15:08:06", "amount": "1.000"}, {"datetime": "2022-06-12 15:05:17", "amount": "1.000"}, {"datetime": "2022-06-12 14:58:23", "amount": "1.000"}, {"datetime": "2022-06-11 19:26:58", "amount": "10.000"}, {"datetime": "2022-06-11 18:39:26", "amount": "10.000"}, {"datetime": "2022-06-10 17:17:13", "amount": "0.001"}, {"datetime": "2022-06-10 17:13:04", "amount": "0.001"}, {"datetime": "2022-06-10 15:23:17", "amount": "0.001"}, {"datetime": "2022-06-09 21:15:15", "amount": "1.000"}, {"datetime": "2022-06-08 20:01:23", "amount": "0.001"}, {"datetime": "2022-06-08 19:53:49", "amount": "0.001"}, {"datetime": "2022-06-08 19:52:03", "amount": "0.001"}, {"datetime": "2022-06-08 19:51:37", "amount": "0.001"}, {"datetime": "2022-06-08 17:12:40", "amount": "0.001"}, {"datetime": "2022-06-08 16:59:16", "amount": "10.000"}, {"datetime": "2022-06-08 15:05:55", "amount": "10.000"}, {"datetime": "2022-06-03 19:28:57", "amount": "0.001"}, {"datetime": "2022-06-03 18:03:23", "amount": "10.000"}, {"datetime": "2022-06-01 02:36:49", "amount": "2.000"}, {"datetime": "2022-06-01 02:27:51", "amount": "2.000"}, {"datetime": "2022-06-01 02:24:20", "amount": "56.000"}, {"datetime": "2022-06-01 02:15:57", "amount": "1.500"}, {"datetime": "2022-06-01 02:07:02", "amount": "1.000"}, {"datetime": "2022-06-01 01:51:46", "amount": "56.000"}, {"datetime": "2022-05-31 21:40:37", "amount": "9.000"}, {"datetime": "2022-05-26 05:37:43", "amount": "5.250"}, {"datetime": "2022-05-19 11:32:14", "amount": "9999.000"}]