[{"id": 17, "last_login": "2022-06-11 14:29:40", "date_joined": "2022-05-30 05:16:33"}, {"id": 15, "last_login": "2022-08-19 17:53:40", "date_joined": "2022-05-30 05:06:33"}, {"id": 18, "last_login": "2022-07-27 18:45:01", "date_joined": "2022-05-30 05:21:39"}, {"id": 16, "last_login": "2022-07-15 14:02:47", "date_joined": "2022-05-30 05:13:09"}, {"id": 11, "last_login": "2022-08-22 04:20:12", "date_joined": "2022-05-27 11:17:45"}, {"id": 50, "last_login": "2022-06-11 14:07:42", "date_joined": "2022-06-11 06:19:59"}, {"id": 12, "last_login": "2022-07-13 03:28:18", "date_joined": "2022-05-27 11:21:23"}, {"id": 19, "last_login": "2022-06-25 16:19:31", "date_joined": "2022-05-30 05:25:13"}, {"id": 20, "last_login": "2022-07-06 11:47:12", "date_joined": "2022-05-30 06:44:44"}, {"id": 48, "last_login": "2022-06-11 14:21:59", "date_joined": "2022-06-11 06:08:38"}, {"id": 47, "last_login": "2022-06-23 21:26:41", "date_joined": "2022-06-11 05:57:22"}, {"id": 55, "last_login": "2022-07-01 11:10:05", "date_joined": "2022-07-01 07:17:34"}, {"id": 49, "last_login": "2022-06-22 12:31:50", "date_joined": "2022-06-11 06:15:54"}, {"id": 14, "last_login": "2022-08-19 18:20:03", "date_joined": "2022-05-30 04:55:55"}, {"id": 51, "last_login": "2022-06-11 14:26:24", "date_joined": "2022-06-11 06:24:30"}, {"id": 70, "last_login": "2022-07-26 20:40:36", "date_joined": "2022-07-21 00:40:47"}, {"id": 1, "last_login": "2022-08-26 12:09:31", "date_joined": "2022-05-18 08:29:49"}, {"id": 23, "last_login": "2022-08-26 04:56:19", "date_joined": "2022-06-01 06:11:43"}, {"id": 79, "last_login": "2022-08-15 06:22:01", "date_joined": "2022-08-13 05:45:07"}, {"id": 78, "last_login": "2022-08-23 14:49:35", "date_joined": "2022-08-13 05:43:05"}, {"id": 71, "last_login": "2022-08-24 09:15:41", "date_joined": "2022-07-22 04:18:11"}, {"id": 5, "last_login": "2022-08-26 10:45:17", "date_joined": "2022-05-18 08:50:59"}, {"id": 6, "last_login": "2022-08-26 10:54:39", "date_joined": "2022-05-18 08:57:23"}]