[{"date": "2022-06-01 06:05:11", "amount": "1.000", "sender": 6, "recipient": 11, "trxn_type": "Request"}, {"date": "2022-06-09 09:50:57", "amount": "7", "sender": 5, "recipient": 11, "trxn_type": "Request"}, {"date": "2022-08-19 16:52:32", "amount": "1.000", "sender": "UCSCMRUIFUMJMOA63KU7L3MXTPPSPH36UXVYEV6KQKIGRN6W36HAPYOMHU", "receiver": "N4WAYQ3PO435DOWZUG237FIB3N34SS4ZFNHBCE4UYAD2AIVFQYVLANDIVI", "type": "Received"}, {"date": "2022-08-18 12:47:10", "amount": "0.000", "sender": "WLXFR5NOJRIEZJKER4Y55Q7EGCBMJDVF3AM447LQ3DKVB4VKTBGPIMFDKQ", "receiver": "N4WAYQ3PO435DOWZUG237FIB3N34SS4ZFNHBCE4UYAD2AIVFQYVLANDIVI", "type": "Received"}, {"date": "2022-08-17 17:49:57", "amount": "10.000", "sender": "UCSCMRUIFUMJMOA63KU7L3MXTPPSPH36UXVYEV6KQKIGRN6W36HAPYOMHU", "receiver": "N4WAYQ3PO435DOWZUG237FIB3N34SS4ZFNHBCE4UYAD2AIVFQYVLANDIVI", "type": "Received"}, {"date": "2022-07-12 13:18:54", "amount": "0.010", "sender": "N4WAYQ3PO435DOWZUG237FIB3N34SS4ZFNHBCE4UYAD2AIVFQYVLANDIVI", "receiver": "OMHOHWRZWZ7YWHTPJTAZLHJE335FLRFPJWKG2SUE5PAB4M2CJ64TNKMRDY", "type": "Sent"}, {"date": "2022-07-11 10:44:13", "amount": "0.000", "sender": "N4WAYQ3PO435DOWZUG237FIB3N34SS4ZFNHBCE4UYAD2AIVFQYVLANDIVI", "receiver": "Asset 99159176", "type": "NFT"}, {"date": "2022-06-29 12:07:47", "amount": "1.000", "sender": "N4WAYQ3PO435DOWZUG237FIB3N34SS4ZFNHBCE4UYAD2AIVFQYVLANDIVI", "receiver": "OMHOHWRZWZ7YWHTPJTAZLHJE335FLRFPJWKG2SUE5PAB4M2CJ64TNKMRDY", "type": "Sent"}, {"date": "2022-06-12 01:00:56", "amount": "1.000", "sender": "N4WAYQ3PO435DOWZUG237FIB3N34SS4ZFNHBCE4UYAD2AIVFQYVLANDIVI", "receiver": "FZEJJWZEDNJ6Z55G7V5TAASD56G5YDGDMEC45PSSRFUH4MF6C2WFZXMQVI", "type": "Sent"}, {"date": "2022-06-12 00:59:27", "amount": "1.000", "sender": "N4WAYQ3PO435DOWZUG237FIB3N34SS4ZFNHBCE4UYAD2AIVFQYVLANDIVI", "receiver": "FZEJJWZEDNJ6Z55G7V5TAASD56G5YDGDMEC45PSSRFUH4MF6C2WFZXMQVI", "type": "Sent"}, {"date": "2022-06-12 00:53:36", "amount": "1.000", "sender": "N4WAYQ3PO435DOWZUG237FIB3N34SS4ZFNHBCE4UYAD2AIVFQYVLANDIVI", "receiver": "FZEJJWZEDNJ6Z55G7V5TAASD56G5YDGDMEC45PSSRFUH4MF6C2WFZXMQVI", "type": "Sent"}, {"date": "2022-06-12 00:49:09", "amount": "1.000", "sender": "N4WAYQ3PO435DOWZUG237FIB3N34SS4ZFNHBCE4UYAD2AIVFQYVLANDIVI", "receiver": "FZEJJWZEDNJ6Z55G7V5TAASD56G5YDGDMEC45PSSRFUH4MF6C2WFZXMQVI", "type": "Sent"}, {"date": "2022-06-12 00:35:56", "amount": "10.000", "sender": "N4WAYQ3PO435DOWZUG237FIB3N34SS4ZFNHBCE4UYAD2AIVFQYVLANDIVI", "receiver": "FZEJJWZEDNJ6Z55G7V5TAASD56G5YDGDMEC45PSSRFUH4MF6C2WFZXMQVI", "type": "Sent"}, {"date": "2022-06-12 00:33:58", "amount": "1.000", "sender": "N4WAYQ3PO435DOWZUG237FIB3N34SS4ZFNHBCE4UYAD2AIVFQYVLANDIVI", "receiver": "FZEJJWZEDNJ6Z55G7V5TAASD56G5YDGDMEC45PSSRFUH4MF6C2WFZXMQVI", "type": "Sent"}, {"date": "2022-06-10 11:39:13", "amount": "10.000", "sender": "OMHOHWRZWZ7YWHTPJTAZLHJE335FLRFPJWKG2SUE5PAB4M2CJ64TNKMRDY", "receiver": "N4WAYQ3PO435DOWZUG237FIB3N34SS4ZFNHBCE4UYAD2AIVFQYVLANDIVI", "type": "Received"}, {"date": "2022-06-10 11:23:40", "amount": "1.010", "sender": "N4WAYQ3PO435DOWZUG237FIB3N34SS4ZFNHBCE4UYAD2AIVFQYVLANDIVI", "receiver": "FZEJJWZEDNJ6Z55G7V5TAASD56G5YDGDMEC45PSSRFUH4MF6C2WFZXMQVI", "type": "Sent"}, {"date": "2022-06-08 15:05:55", "amount": "10.000", "sender": "N4WAYQ3PO435DOWZUG237FIB3N34SS4ZFNHBCE4UYAD2AIVFQYVLANDIVI", "receiver": "UCSCMRUIFUMJMOA63KU7L3MXTPPSPH36UXVYEV6KQKIGRN6W36HAPYOMHU", "type": "Sent"}, {"date": "2022-06-07 14:06:09", "amount": "0.001", "sender": "UCSCMRUIFUMJMOA63KU7L3MXTPPSPH36UXVYEV6KQKIGRN6W36HAPYOMHU", "receiver": "N4WAYQ3PO435DOWZUG237FIB3N34SS4ZFNHBCE4UYAD2AIVFQYVLANDIVI", "type": "Received"}, {"date": "2022-06-07 09:53:29", "amount": "10.000", "sender": "UCSCMRUIFUMJMOA63KU7L3MXTPPSPH36UXVYEV6KQKIGRN6W36HAPYOMHU", "receiver": "N4WAYQ3PO435DOWZUG237FIB3N34SS4ZFNHBCE4UYAD2AIVFQYVLANDIVI", "type": "Received"}, {"date": "2022-06-07 09:45:56", "amount": "0.000", "sender": "N4WAYQ3PO435DOWZUG237FIB3N34SS4ZFNHBCE4UYAD2AIVFQYVLANDIVI", "receiver": "Asset 94201040", "type": "NFT"}, {"date": "2022-06-07 09:44:35", "amount": "10.000", "sender": "DISPE57MNLYKOMOK3H5IMBAYOYW3YL2CSI6MDOG3RDXSMET35DG4W6SOTI", "receiver": "N4WAYQ3PO435DOWZUG237FIB3N34SS4ZFNHBCE4UYAD2AIVFQYVLANDIVI", "type": "Received Algo"}, {"date": "2022-06-05 22:09:05", "amount": "25.000", "sender": "UCSCMRUIFUMJMOA63KU7L3MXTPPSPH36UXVYEV6KQKIGRN6W36HAPYOMHU", "receiver": "N4WAYQ3PO435DOWZUG237FIB3N34SS4ZFNHBCE4UYAD2AIVFQYVLANDIVI", "type": "Received"}, {"date": "2022-06-03 20:11:39", "amount": "1.109", "sender": "UCSCMRUIFUMJMOA63KU7L3MXTPPSPH36UXVYEV6KQKIGRN6W36HAPYOMHU", "receiver": "N4WAYQ3PO435DOWZUG237FIB3N34SS4ZFNHBCE4UYAD2AIVFQYVLANDIVI", "type": "Received"}, {"date": "2022-06-03 19:33:40", "amount": "0.001", "sender": "UCSCMRUIFUMJMOA63KU7L3MXTPPSPH36UXVYEV6KQKIGRN6W36HAPYOMHU", "receiver": "N4WAYQ3PO435DOWZUG237FIB3N34SS4ZFNHBCE4UYAD2AIVFQYVLANDIVI", "type": "Received"}, {"date": "2022-06-03 19:28:57", "amount": "0.001", "sender": "N4WAYQ3PO435DOWZUG237FIB3N34SS4ZFNHBCE4UYAD2AIVFQYVLANDIVI", "receiver": "UCSCMRUIFUMJMOA63KU7L3MXTPPSPH36UXVYEV6KQKIGRN6W36HAPYOMHU", "type": "Sent"}, {"date": "2022-06-03 19:26:12", "amount": "0.001", "sender": "UCSCMRUIFUMJMOA63KU7L3MXTPPSPH36UXVYEV6KQKIGRN6W36HAPYOMHU", "receiver": "N4WAYQ3PO435DOWZUG237FIB3N34SS4ZFNHBCE4UYAD2AIVFQYVLANDIVI", "type": "Received"}, {"date": "2022-06-03 18:12:22", "amount": "0.001", "sender": "UCSCMRUIFUMJMOA63KU7L3MXTPPSPH36UXVYEV6KQKIGRN6W36HAPYOMHU", "receiver": "N4WAYQ3PO435DOWZUG237FIB3N34SS4ZFNHBCE4UYAD2AIVFQYVLANDIVI", "type": "Received"}, {"date": "2022-06-03 18:10:06", "amount": "0.001", "sender": "UCSCMRUIFUMJMOA63KU7L3MXTPPSPH36UXVYEV6KQKIGRN6W36HAPYOMHU", "receiver": "N4WAYQ3PO435DOWZUG237FIB3N34SS4ZFNHBCE4UYAD2AIVFQYVLANDIVI", "type": "Received"}, {"date": "2022-06-03 18:07:51", "amount": "0.001", "sender": "UCSCMRUIFUMJMOA63KU7L3MXTPPSPH36UXVYEV6KQKIGRN6W36HAPYOMHU", "receiver": "N4WAYQ3PO435DOWZUG237FIB3N34SS4ZFNHBCE4UYAD2AIVFQYVLANDIVI", "type": "Received"}, {"date": "2022-06-03 18:06:56", "amount": "0.001", "sender": "UCSCMRUIFUMJMOA63KU7L3MXTPPSPH36UXVYEV6KQKIGRN6W36HAPYOMHU", "receiver": "N4WAYQ3PO435DOWZUG237FIB3N34SS4ZFNHBCE4UYAD2AIVFQYVLANDIVI", "type": "Received"}, {"date": "2022-06-03 17:51:09", "amount": "26.000", "sender": "UCSCMRUIFUMJMOA63KU7L3MXTPPSPH36UXVYEV6KQKIGRN6W36HAPYOMHU", "receiver": "N4WAYQ3PO435DOWZUG237FIB3N34SS4ZFNHBCE4UYAD2AIVFQYVLANDIVI", "type": "Received"}, {"date": "2022-06-03 17:49:53", "amount": "26.000", "sender": "UCSCMRUIFUMJMOA63KU7L3MXTPPSPH36UXVYEV6KQKIGRN6W36HAPYOMHU", "receiver": "N4WAYQ3PO435DOWZUG237FIB3N34SS4ZFNHBCE4UYAD2AIVFQYVLANDIVI", "type": "Received"}, {"date": "2022-06-03 17:47:34", "amount": "0.001", "sender": "UCSCMRUIFUMJMOA63KU7L3MXTPPSPH36UXVYEV6KQKIGRN6W36HAPYOMHU", "receiver": "N4WAYQ3PO435DOWZUG237FIB3N34SS4ZFNHBCE4UYAD2AIVFQYVLANDIVI", "type": "Received"}, {"date": "2022-06-03 17:29:47", "amount": "0.001", "sender": "UCSCMRUIFUMJMOA63KU7L3MXTPPSPH36UXVYEV6KQKIGRN6W36HAPYOMHU", "receiver": "N4WAYQ3PO435DOWZUG237FIB3N34SS4ZFNHBCE4UYAD2AIVFQYVLANDIVI", "type": "Received"}, {"date": "2022-06-03 15:46:10", "amount": "0.001", "sender": "UCSCMRUIFUMJMOA63KU7L3MXTPPSPH36UXVYEV6KQKIGRN6W36HAPYOMHU", "receiver": "N4WAYQ3PO435DOWZUG237FIB3N34SS4ZFNHBCE4UYAD2AIVFQYVLANDIVI", "type": "Received"}, {"date": "2022-06-03 15:45:24", "amount": "0.001", "sender": "UCSCMRUIFUMJMOA63KU7L3MXTPPSPH36UXVYEV6KQKIGRN6W36HAPYOMHU", "receiver": "N4WAYQ3PO435DOWZUG237FIB3N34SS4ZFNHBCE4UYAD2AIVFQYVLANDIVI", "type": "Received"}, {"date": "2022-06-03 15:43:12", "amount": "0.001", "sender": "UCSCMRUIFUMJMOA63KU7L3MXTPPSPH36UXVYEV6KQKIGRN6W36HAPYOMHU", "receiver": "N4WAYQ3PO435DOWZUG237FIB3N34SS4ZFNHBCE4UYAD2AIVFQYVLANDIVI", "type": "Received"}, {"date": "2022-06-03 15:38:29", "amount": "0.001", "sender": "UCSCMRUIFUMJMOA63KU7L3MXTPPSPH36UXVYEV6KQKIGRN6W36HAPYOMHU", "receiver": "N4WAYQ3PO435DOWZUG237FIB3N34SS4ZFNHBCE4UYAD2AIVFQYVLANDIVI", "type": "Received"}, {"date": "2022-06-03 15:32:54", "amount": "0.001", "sender": "UCSCMRUIFUMJMOA63KU7L3MXTPPSPH36UXVYEV6KQKIGRN6W36HAPYOMHU", "receiver": "N4WAYQ3PO435DOWZUG237FIB3N34SS4ZFNHBCE4UYAD2AIVFQYVLANDIVI", "type": "Received"}, {"date": "2022-06-03 15:22:15", "amount": "0.001", "sender": "UCSCMRUIFUMJMOA63KU7L3MXTPPSPH36UXVYEV6KQKIGRN6W36HAPYOMHU", "receiver": "N4WAYQ3PO435DOWZUG237FIB3N34SS4ZFNHBCE4UYAD2AIVFQYVLANDIVI", "type": "Received"}, {"date": "2022-06-03 15:20:24", "amount": "9.000", "sender": "UCSCMRUIFUMJMOA63KU7L3MXTPPSPH36UXVYEV6KQKIGRN6W36HAPYOMHU", "receiver": "N4WAYQ3PO435DOWZUG237FIB3N34SS4ZFNHBCE4UYAD2AIVFQYVLANDIVI", "type": "Received"}, {"date": "2022-06-03 15:16:45", "amount": "2.000", "sender": "UCSCMRUIFUMJMOA63KU7L3MXTPPSPH36UXVYEV6KQKIGRN6W36HAPYOMHU", "receiver": "N4WAYQ3PO435DOWZUG237FIB3N34SS4ZFNHBCE4UYAD2AIVFQYVLANDIVI", "type": "Received"}, {"date": "2022-06-03 15:14:21", "amount": "5.000", "sender": "UCSCMRUIFUMJMOA63KU7L3MXTPPSPH36UXVYEV6KQKIGRN6W36HAPYOMHU", "receiver": "N4WAYQ3PO435DOWZUG237FIB3N34SS4ZFNHBCE4UYAD2AIVFQYVLANDIVI", "type": "Received"}, {"date": "2022-06-03 15:12:26", "amount": "8.000", "sender": "UCSCMRUIFUMJMOA63KU7L3MXTPPSPH36UXVYEV6KQKIGRN6W36HAPYOMHU", "receiver": "N4WAYQ3PO435DOWZUG237FIB3N34SS4ZFNHBCE4UYAD2AIVFQYVLANDIVI", "type": "Received"}, {"date": "2022-06-03 15:07:18", "amount": "0.001", "sender": "UCSCMRUIFUMJMOA63KU7L3MXTPPSPH36UXVYEV6KQKIGRN6W36HAPYOMHU", "receiver": "N4WAYQ3PO435DOWZUG237FIB3N34SS4ZFNHBCE4UYAD2AIVFQYVLANDIVI", "type": "Received"}, {"date": "2022-06-03 15:06:15", "amount": "0.001", "sender": "UCSCMRUIFUMJMOA63KU7L3MXTPPSPH36UXVYEV6KQKIGRN6W36HAPYOMHU", "receiver": "N4WAYQ3PO435DOWZUG237FIB3N34SS4ZFNHBCE4UYAD2AIVFQYVLANDIVI", "type": "Received"}, {"date": "2022-06-03 11:50:16", "amount": "0.001", "sender": "UCSCMRUIFUMJMOA63KU7L3MXTPPSPH36UXVYEV6KQKIGRN6W36HAPYOMHU", "receiver": "N4WAYQ3PO435DOWZUG237FIB3N34SS4ZFNHBCE4UYAD2AIVFQYVLANDIVI", "type": "Received"}, {"date": "2022-06-03 11:48:47", "amount": "0.001", "sender": "UCSCMRUIFUMJMOA63KU7L3MXTPPSPH36UXVYEV6KQKIGRN6W36HAPYOMHU", "receiver": "N4WAYQ3PO435DOWZUG237FIB3N34SS4ZFNHBCE4UYAD2AIVFQYVLANDIVI", "type": "Received"}, {"date": "2022-06-03 11:36:33", "amount": "0.001", "sender": "UCSCMRUIFUMJMOA63KU7L3MXTPPSPH36UXVYEV6KQKIGRN6W36HAPYOMHU", "receiver": "N4WAYQ3PO435DOWZUG237FIB3N34SS4ZFNHBCE4UYAD2AIVFQYVLANDIVI", "type": "Received"}, {"date": "2022-06-03 11:34:56", "amount": "0.001", "sender": "UCSCMRUIFUMJMOA63KU7L3MXTPPSPH36UXVYEV6KQKIGRN6W36HAPYOMHU", "receiver": "N4WAYQ3PO435DOWZUG237FIB3N34SS4ZFNHBCE4UYAD2AIVFQYVLANDIVI", "type": "Received"}, {"date": "2022-06-03 11:28:03", "amount": "0.001", "sender": "UCSCMRUIFUMJMOA63KU7L3MXTPPSPH36UXVYEV6KQKIGRN6W36HAPYOMHU", "receiver": "N4WAYQ3PO435DOWZUG237FIB3N34SS4ZFNHBCE4UYAD2AIVFQYVLANDIVI", "type": "Received"}, {"date": "2022-06-03 11:24:32", "amount": "0.001", "sender": "UCSCMRUIFUMJMOA63KU7L3MXTPPSPH36UXVYEV6KQKIGRN6W36HAPYOMHU", "receiver": "N4WAYQ3PO435DOWZUG237FIB3N34SS4ZFNHBCE4UYAD2AIVFQYVLANDIVI", "type": "Received"}, {"date": "2022-06-03 10:52:49", "amount": "10.000", "sender": "UCSCMRUIFUMJMOA63KU7L3MXTPPSPH36UXVYEV6KQKIGRN6W36HAPYOMHU", "receiver": "N4WAYQ3PO435DOWZUG237FIB3N34SS4ZFNHBCE4UYAD2AIVFQYVLANDIVI", "type": "Received"}, {"date": "2022-06-03 10:12:23", "amount": "0.001", "sender": "UCSCMRUIFUMJMOA63KU7L3MXTPPSPH36UXVYEV6KQKIGRN6W36HAPYOMHU", "receiver": "N4WAYQ3PO435DOWZUG237FIB3N34SS4ZFNHBCE4UYAD2AIVFQYVLANDIVI", "type": "Received"}, {"date": "2022-06-03 10:01:30", "amount": "1.000", "sender": "UCSCMRUIFUMJMOA63KU7L3MXTPPSPH36UXVYEV6KQKIGRN6W36HAPYOMHU", "receiver": "N4WAYQ3PO435DOWZUG237FIB3N34SS4ZFNHBCE4UYAD2AIVFQYVLANDIVI", "type": "Received"}, {"date": "2022-06-03 09:58:18", "amount": "1.000", "sender": "UCSCMRUIFUMJMOA63KU7L3MXTPPSPH36UXVYEV6KQKIGRN6W36HAPYOMHU", "receiver": "N4WAYQ3PO435DOWZUG237FIB3N34SS4ZFNHBCE4UYAD2AIVFQYVLANDIVI", "type": "Received"}, {"date": "2022-06-02 11:16:30", "amount": "0.001", "sender": "UCSCMRUIFUMJMOA63KU7L3MXTPPSPH36UXVYEV6KQKIGRN6W36HAPYOMHU", "receiver": "N4WAYQ3PO435DOWZUG237FIB3N34SS4ZFNHBCE4UYAD2AIVFQYVLANDIVI", "type": "Received"}, {"date": "2022-06-01 11:02:10", "amount": "10.000", "sender": "UCSCMRUIFUMJMOA63KU7L3MXTPPSPH36UXVYEV6KQKIGRN6W36HAPYOMHU", "receiver": "N4WAYQ3PO435DOWZUG237FIB3N34SS4ZFNHBCE4UYAD2AIVFQYVLANDIVI", "type": "Received"}, {"date": "2022-05-27 16:48:31", "amount": "0.000", "sender": "N4WAYQ3PO435DOWZUG237FIB3N34SS4ZFNHBCE4UYAD2AIVFQYVLANDIVI", "receiver": "N4WAYQ3PO435DOWZUG237FIB3N34SS4ZFNHBCE4UYAD2AIVFQYVLANDIVI", "type": "Sent"}, {"date": "2022-05-27 16:47:49", "amount": "0.250", "sender": "MMTNTTOQRYSWYZPISJZS43GS5L4YH2SHDEHV4WSQJQLV5ORABVAW4E5EKI", "receiver": "N4WAYQ3PO435DOWZUG237FIB3N34SS4ZFNHBCE4UYAD2AIVFQYVLANDIVI", "type": "Received Algo"}]