[{"date": "2023-04-21 17:06:28", "amount": "1000.000", "sender": "MMTNTTOQRYSWYZPISJZS43GS5L4YH2SHDEHV4WSQJQLV5ORABVAW4E5EKI", "receiver": "M6VEMUSYGD2KIGJJZZ3FEVTEKZPJBTBDYVSDA7AKUIIBUSBG2NIAZQSPIA", "type": "Received"}, {"date": "2023-04-21 17:06:21", "amount": "0.000", "sender": "M6VEMUSYGD2KIGJJZZ3FEVTEKZPJBTBDYVSDA7AKUIIBUSBG2NIAZQSPIA", "receiver": "M6VEMUSYGD2KIGJJZZ3FEVTEKZPJBTBDYVSDA7AKUIIBUSBG2NIAZQSPIA", "type": "Sent"}, {"date": "2023-04-21 17:06:13", "amount": "0.500", "sender": "MMTNTTOQRYSWYZPISJZS43GS5L4YH2SHDEHV4WSQJQLV5ORABVAW4E5EKI", "receiver": "M6VEMUSYGD2KIGJJZZ3FEVTEKZPJBTBDYVSDA7AKUIIBUSBG2NIAZQSPIA", "type": "Received Algo"}]