[{"date": "2022-06-21 21:23:06", "amount": "5.000", "sender": 15, "recipient": 1, "trxn_type": "Request"}, {"date": "2022-08-09 12:11:17", "amount": "10.000", "sender": "UCSCMRUIFUMJMOA63KU7L3MXTPPSPH36UXVYEV6KQKIGRN6W36HAPYOMHU", "receiver": "WJ42NI2RA5T67CF7KGJ4O4XO2QF63REUBGO2UFFSS7WVKPSHWZUEODKHZU", "type": "Received"}, {"date": "2022-07-30 15:59:16", "amount": "10.000", "sender": "WJ42NI2RA5T67CF7KGJ4O4XO2QF63REUBGO2UFFSS7WVKPSHWZUEODKHZU", "receiver": "UCSCMRUIFUMJMOA63KU7L3MXTPPSPH36UXVYEV6KQKIGRN6W36HAPYOMHU", "type": "Sent"}, {"date": "2022-07-18 11:45:04", "amount": "0.000", "sender": "WJ42NI2RA5T67CF7KGJ4O4XO2QF63REUBGO2UFFSS7WVKPSHWZUEODKHZU", "receiver": "Asset 100041744", "type": "NFT"}, {"date": "2022-07-08 15:11:42", "amount": "0.000", "sender": "WJ42NI2RA5T67CF7KGJ4O4XO2QF63REUBGO2UFFSS7WVKPSHWZUEODKHZU", "receiver": "Asset 98903703", "type": "NFT"}, {"date": "2022-07-08 15:05:51", "amount": "10.000", "sender": "DISPE57MNLYKOMOK3H5IMBAYOYW3YL2CSI6MDOG3RDXSMET35DG4W6SOTI", "receiver": "WJ42NI2RA5T67CF7KGJ4O4XO2QF63REUBGO2UFFSS7WVKPSHWZUEODKHZU", "type": "Received Algo"}, {"date": "2022-07-08 14:17:05", "amount": "0.000", "sender": "WJ42NI2RA5T67CF7KGJ4O4XO2QF63REUBGO2UFFSS7WVKPSHWZUEODKHZU", "receiver": "Asset 98898971", "type": "NFT"}, {"date": "2022-07-08 14:16:01", "amount": "10000.000", "sender": "MMTNTTOQRYSWYZPISJZS43GS5L4YH2SHDEHV4WSQJQLV5ORABVAW4E5EKI", "receiver": "WJ42NI2RA5T67CF7KGJ4O4XO2QF63REUBGO2UFFSS7WVKPSHWZUEODKHZU", "type": "Received"}, {"date": "2022-07-08 13:58:31", "amount": "0.000", "sender": "WJ42NI2RA5T67CF7KGJ4O4XO2QF63REUBGO2UFFSS7WVKPSHWZUEODKHZU", "receiver": "WJ42NI2RA5T67CF7KGJ4O4XO2QF63REUBGO2UFFSS7WVKPSHWZUEODKHZU", "type": "Sent"}, {"date": "2022-07-08 13:57:57", "amount": "0.500", "sender": "MMTNTTOQRYSWYZPISJZS43GS5L4YH2SHDEHV4WSQJQLV5ORABVAW4E5EKI", "receiver": "WJ42NI2RA5T67CF7KGJ4O4XO2QF63REUBGO2UFFSS7WVKPSHWZUEODKHZU", "type": "Received Algo"}]