[{"date": "2023-05-25 23:30:39", "amount": "10.000", "sender": "YOMK7M46YARK7OP2JGKT4BXAXIH54MP3RLIP3ASEQARX64WWJXKJR56R2Y", "receiver": "M6VEMUSYGD2KIGJJZZ3FEVTEKZPJBTBDYVSDA7AKUIIBUSBG2NIAZQSPIA", "type": "Sent"}, {"date": "2023-05-25 23:26:42", "amount": "1000.000", "sender": "MMTNTTOQRYSWYZPISJZS43GS5L4YH2SHDEHV4WSQJQLV5ORABVAW4E5EKI", "receiver": "YOMK7M46YARK7OP2JGKT4BXAXIH54MP3RLIP3ASEQARX64WWJXKJR56R2Y", "type": "Received"}, {"date": "2023-05-25 23:26:35", "amount": "0.000", "sender": "YOMK7M46YARK7OP2JGKT4BXAXIH54MP3RLIP3ASEQARX64WWJXKJR56R2Y", "receiver": "YOMK7M46YARK7OP2JGKT4BXAXIH54MP3RLIP3ASEQARX64WWJXKJR56R2Y", "type": "Sent"}, {"date": "2023-05-25 23:26:28", "amount": "0.500", "sender": "MMTNTTOQRYSWYZPISJZS43GS5L4YH2SHDEHV4WSQJQLV5ORABVAW4E5EKI", "receiver": "YOMK7M46YARK7OP2JGKT4BXAXIH54MP3RLIP3ASEQARX64WWJXKJR56R2Y", "type": "Received Algo"}]