[{"date": "2022-07-05 10:48:27", "amount": "5.000", "sender": 6, "recipient": 5, "trxn_type": "Request"}, {"date": "2022-07-05 10:50:38", "amount": "0.001", "sender": 6, "recipient": 5, "trxn_type": "Request"}, {"date": "2022-07-29 10:15:45", "amount": "1.000", "sender": 6, "recipient": 5, "trxn_type": "Request"}, {"date": "2022-08-09 06:52:35", "amount": "10.000", "sender": 6, "recipient": 5, "trxn_type": "Request"}, {"date": "2022-08-25 14:35:04", "amount": "1.000", "sender": "NB757BDZS2HOQZ2N67I2SVSHI5M5UY4K4FYTZY73FUFKKWOYNE2VPA3IAI", "receiver": "UCSCMRUIFUMJMOA63KU7L3MXTPPSPH36UXVYEV6KQKIGRN6W36HAPYOMHU", "type": "Sent"}, {"date": "2022-08-19 20:43:18", "amount": "0.000", "sender": "NB757BDZS2HOQZ2N67I2SVSHI5M5UY4K4FYTZY73FUFKKWOYNE2VPA3IAI", "receiver": "Asset 105764838", "type": "NFT"}, {"date": "2022-08-19 17:20:59", "amount": "5.000", "sender": "NB757BDZS2HOQZ2N67I2SVSHI5M5UY4K4FYTZY73FUFKKWOYNE2VPA3IAI", "receiver": "UCSCMRUIFUMJMOA63KU7L3MXTPPSPH36UXVYEV6KQKIGRN6W36HAPYOMHU", "type": "Sent"}, {"date": "2022-08-16 14:40:03", "amount": "0.001", "sender": "NB757BDZS2HOQZ2N67I2SVSHI5M5UY4K4FYTZY73FUFKKWOYNE2VPA3IAI", "receiver": "UCSCMRUIFUMJMOA63KU7L3MXTPPSPH36UXVYEV6KQKIGRN6W36HAPYOMHU", "type": "Sent"}, {"date": "2022-07-18 16:46:13", "amount": "0.001", "sender": "UCSCMRUIFUMJMOA63KU7L3MXTPPSPH36UXVYEV6KQKIGRN6W36HAPYOMHU", "receiver": "NB757BDZS2HOQZ2N67I2SVSHI5M5UY4K4FYTZY73FUFKKWOYNE2VPA3IAI", "type": "Received"}, {"date": "2022-07-15 18:59:28", "amount": "0.000", "sender": "NB757BDZS2HOQZ2N67I2SVSHI5M5UY4K4FYTZY73FUFKKWOYNE2VPA3IAI", "receiver": "Asset 99740947", "type": "NFT"}, {"date": "2022-07-14 10:17:59", "amount": "0.000", "sender": "NB757BDZS2HOQZ2N67I2SVSHI5M5UY4K4FYTZY73FUFKKWOYNE2VPA3IAI", "receiver": "Asset 99565302", "type": "NFT"}, {"date": "2022-07-11 18:17:28", "amount": "0.000", "sender": "NB757BDZS2HOQZ2N67I2SVSHI5M5UY4K4FYTZY73FUFKKWOYNE2VPA3IAI", "receiver": "Asset 99198908", "type": "NFT"}, {"date": "2022-07-05 16:15:57", "amount": "1.000", "sender": "UCSCMRUIFUMJMOA63KU7L3MXTPPSPH36UXVYEV6KQKIGRN6W36HAPYOMHU", "receiver": "NB757BDZS2HOQZ2N67I2SVSHI5M5UY4K4FYTZY73FUFKKWOYNE2VPA3IAI", "type": "Received"}, {"date": "2022-07-04 12:43:50", "amount": "0.001", "sender": "UCSCMRUIFUMJMOA63KU7L3MXTPPSPH36UXVYEV6KQKIGRN6W36HAPYOMHU", "receiver": "NB757BDZS2HOQZ2N67I2SVSHI5M5UY4K4FYTZY73FUFKKWOYNE2VPA3IAI", "type": "Received"}, {"date": "2022-07-04 12:43:08", "amount": "0.001", "sender": "UCSCMRUIFUMJMOA63KU7L3MXTPPSPH36UXVYEV6KQKIGRN6W36HAPYOMHU", "receiver": "NB757BDZS2HOQZ2N67I2SVSHI5M5UY4K4FYTZY73FUFKKWOYNE2VPA3IAI", "type": "Received"}, {"date": "2022-07-04 12:42:25", "amount": "0.001", "sender": "UCSCMRUIFUMJMOA63KU7L3MXTPPSPH36UXVYEV6KQKIGRN6W36HAPYOMHU", "receiver": "NB757BDZS2HOQZ2N67I2SVSHI5M5UY4K4FYTZY73FUFKKWOYNE2VPA3IAI", "type": "Received"}, {"date": "2022-07-04 12:40:22", "amount": "0.001", "sender": "UCSCMRUIFUMJMOA63KU7L3MXTPPSPH36UXVYEV6KQKIGRN6W36HAPYOMHU", "receiver": "NB757BDZS2HOQZ2N67I2SVSHI5M5UY4K4FYTZY73FUFKKWOYNE2VPA3IAI", "type": "Received"}, {"date": "2022-07-01 11:51:54", "amount": "1.000", "sender": "UCSCMRUIFUMJMOA63KU7L3MXTPPSPH36UXVYEV6KQKIGRN6W36HAPYOMHU", "receiver": "NB757BDZS2HOQZ2N67I2SVSHI5M5UY4K4FYTZY73FUFKKWOYNE2VPA3IAI", "type": "Received"}, {"date": "2022-06-30 21:44:35", "amount": "1.000", "sender": "NB757BDZS2HOQZ2N67I2SVSHI5M5UY4K4FYTZY73FUFKKWOYNE2VPA3IAI", "receiver": "UCSCMRUIFUMJMOA63KU7L3MXTPPSPH36UXVYEV6KQKIGRN6W36HAPYOMHU", "type": "Sent"}, {"date": "2022-06-30 21:39:21", "amount": "1.000", "sender": "NB757BDZS2HOQZ2N67I2SVSHI5M5UY4K4FYTZY73FUFKKWOYNE2VPA3IAI", "receiver": "UCSCMRUIFUMJMOA63KU7L3MXTPPSPH36UXVYEV6KQKIGRN6W36HAPYOMHU", "type": "Sent"}, {"date": "2022-06-30 21:38:01", "amount": "0.001", "sender": "NB757BDZS2HOQZ2N67I2SVSHI5M5UY4K4FYTZY73FUFKKWOYNE2VPA3IAI", "receiver": "UCSCMRUIFUMJMOA63KU7L3MXTPPSPH36UXVYEV6KQKIGRN6W36HAPYOMHU", "type": "Sent"}, {"date": "2022-06-30 21:35:58", "amount": "1.000", "sender": "NB757BDZS2HOQZ2N67I2SVSHI5M5UY4K4FYTZY73FUFKKWOYNE2VPA3IAI", "receiver": "UCSCMRUIFUMJMOA63KU7L3MXTPPSPH36UXVYEV6KQKIGRN6W36HAPYOMHU", "type": "Sent"}, {"date": "2022-06-30 21:34:20", "amount": "1.000", "sender": "NB757BDZS2HOQZ2N67I2SVSHI5M5UY4K4FYTZY73FUFKKWOYNE2VPA3IAI", "receiver": "UCSCMRUIFUMJMOA63KU7L3MXTPPSPH36UXVYEV6KQKIGRN6W36HAPYOMHU", "type": "Sent"}, {"date": "2022-06-30 21:12:12", "amount": "1.000", "sender": "NB757BDZS2HOQZ2N67I2SVSHI5M5UY4K4FYTZY73FUFKKWOYNE2VPA3IAI", "receiver": "UCSCMRUIFUMJMOA63KU7L3MXTPPSPH36UXVYEV6KQKIGRN6W36HAPYOMHU", "type": "Sent"}, {"date": "2022-06-30 19:53:32", "amount": "1.000", "sender": "NB757BDZS2HOQZ2N67I2SVSHI5M5UY4K4FYTZY73FUFKKWOYNE2VPA3IAI", "receiver": "UCSCMRUIFUMJMOA63KU7L3MXTPPSPH36UXVYEV6KQKIGRN6W36HAPYOMHU", "type": "Sent"}, {"date": "2022-06-29 16:59:35", "amount": "1.000", "sender": "UCSCMRUIFUMJMOA63KU7L3MXTPPSPH36UXVYEV6KQKIGRN6W36HAPYOMHU", "receiver": "NB757BDZS2HOQZ2N67I2SVSHI5M5UY4K4FYTZY73FUFKKWOYNE2VPA3IAI", "type": "Received"}, {"date": "2022-06-29 16:54:16", "amount": "1.000", "sender": "NB757BDZS2HOQZ2N67I2SVSHI5M5UY4K4FYTZY73FUFKKWOYNE2VPA3IAI", "receiver": "NB757BDZS2HOQZ2N67I2SVSHI5M5UY4K4FYTZY73FUFKKWOYNE2VPA3IAI", "type": "Sent"}, {"date": "2022-06-29 16:50:06", "amount": "5.000", "sender": "UCSCMRUIFUMJMOA63KU7L3MXTPPSPH36UXVYEV6KQKIGRN6W36HAPYOMHU", "receiver": "NB757BDZS2HOQZ2N67I2SVSHI5M5UY4K4FYTZY73FUFKKWOYNE2VPA3IAI", "type": "Received"}, {"date": "2022-06-29 16:44:34", "amount": "1.000", "sender": "NB757BDZS2HOQZ2N67I2SVSHI5M5UY4K4FYTZY73FUFKKWOYNE2VPA3IAI", "receiver": "UCSCMRUIFUMJMOA63KU7L3MXTPPSPH36UXVYEV6KQKIGRN6W36HAPYOMHU", "type": "Sent"}, {"date": "2022-06-29 16:42:57", "amount": "1.000", "sender": "NB757BDZS2HOQZ2N67I2SVSHI5M5UY4K4FYTZY73FUFKKWOYNE2VPA3IAI", "receiver": "UCSCMRUIFUMJMOA63KU7L3MXTPPSPH36UXVYEV6KQKIGRN6W36HAPYOMHU", "type": "Sent"}, {"date": "2022-06-29 16:41:06", "amount": "10.000", "sender": "NB757BDZS2HOQZ2N67I2SVSHI5M5UY4K4FYTZY73FUFKKWOYNE2VPA3IAI", "receiver": "UCSCMRUIFUMJMOA63KU7L3MXTPPSPH36UXVYEV6KQKIGRN6W36HAPYOMHU", "type": "Sent"}, {"date": "2022-06-29 16:31:49", "amount": "10.000", "sender": "NB757BDZS2HOQZ2N67I2SVSHI5M5UY4K4FYTZY73FUFKKWOYNE2VPA3IAI", "receiver": "UCSCMRUIFUMJMOA63KU7L3MXTPPSPH36UXVYEV6KQKIGRN6W36HAPYOMHU", "type": "Sent"}, {"date": "2022-06-27 09:36:28", "amount": "0.001", "sender": "NB757BDZS2HOQZ2N67I2SVSHI5M5UY4K4FYTZY73FUFKKWOYNE2VPA3IAI", "receiver": "NB757BDZS2HOQZ2N67I2SVSHI5M5UY4K4FYTZY73FUFKKWOYNE2VPA3IAI", "type": "Sent"}, {"date": "2022-06-24 17:26:34", "amount": "1.000", "sender": "OMHOHWRZWZ7YWHTPJTAZLHJE335FLRFPJWKG2SUE5PAB4M2CJ64TNKMRDY", "receiver": "NB757BDZS2HOQZ2N67I2SVSHI5M5UY4K4FYTZY73FUFKKWOYNE2VPA3IAI", "type": "Received"}, {"date": "2022-06-24 17:23:32", "amount": "1.000", "sender": "OMHOHWRZWZ7YWHTPJTAZLHJE335FLRFPJWKG2SUE5PAB4M2CJ64TNKMRDY", "receiver": "NB757BDZS2HOQZ2N67I2SVSHI5M5UY4K4FYTZY73FUFKKWOYNE2VPA3IAI", "type": "Received"}, {"date": "2022-06-24 13:33:58", "amount": "12.000", "sender": "NB757BDZS2HOQZ2N67I2SVSHI5M5UY4K4FYTZY73FUFKKWOYNE2VPA3IAI", "receiver": "NB757BDZS2HOQZ2N67I2SVSHI5M5UY4K4FYTZY73FUFKKWOYNE2VPA3IAI", "type": "Sent"}, {"date": "2022-06-20 11:54:51", "amount": "1.000", "sender": "OMHOHWRZWZ7YWHTPJTAZLHJE335FLRFPJWKG2SUE5PAB4M2CJ64TNKMRDY", "receiver": "NB757BDZS2HOQZ2N67I2SVSHI5M5UY4K4FYTZY73FUFKKWOYNE2VPA3IAI", "type": "Received"}, {"date": "2022-06-13 14:45:49", "amount": "1.000", "sender": "NB757BDZS2HOQZ2N67I2SVSHI5M5UY4K4FYTZY73FUFKKWOYNE2VPA3IAI", "receiver": "UCSCMRUIFUMJMOA63KU7L3MXTPPSPH36UXVYEV6KQKIGRN6W36HAPYOMHU", "type": "Sent"}, {"date": "2022-06-13 14:41:43", "amount": "1.000", "sender": "UCSCMRUIFUMJMOA63KU7L3MXTPPSPH36UXVYEV6KQKIGRN6W36HAPYOMHU", "receiver": "NB757BDZS2HOQZ2N67I2SVSHI5M5UY4K4FYTZY73FUFKKWOYNE2VPA3IAI", "type": "Received"}, {"date": "2022-06-13 14:34:44", "amount": "1.000", "sender": "NB757BDZS2HOQZ2N67I2SVSHI5M5UY4K4FYTZY73FUFKKWOYNE2VPA3IAI", "receiver": "UCSCMRUIFUMJMOA63KU7L3MXTPPSPH36UXVYEV6KQKIGRN6W36HAPYOMHU", "type": "Sent"}, {"date": "2022-06-12 15:13:13", "amount": "1.000", "sender": "NB757BDZS2HOQZ2N67I2SVSHI5M5UY4K4FYTZY73FUFKKWOYNE2VPA3IAI", "receiver": "UCSCMRUIFUMJMOA63KU7L3MXTPPSPH36UXVYEV6KQKIGRN6W36HAPYOMHU", "type": "Sent"}, {"date": "2022-06-12 15:08:06", "amount": "1.000", "sender": "NB757BDZS2HOQZ2N67I2SVSHI5M5UY4K4FYTZY73FUFKKWOYNE2VPA3IAI", "receiver": "UCSCMRUIFUMJMOA63KU7L3MXTPPSPH36UXVYEV6KQKIGRN6W36HAPYOMHU", "type": "Sent"}, {"date": "2022-06-12 15:05:17", "amount": "1.000", "sender": "NB757BDZS2HOQZ2N67I2SVSHI5M5UY4K4FYTZY73FUFKKWOYNE2VPA3IAI", "receiver": "UCSCMRUIFUMJMOA63KU7L3MXTPPSPH36UXVYEV6KQKIGRN6W36HAPYOMHU", "type": "Sent"}, {"date": "2022-06-12 14:58:23", "amount": "1.000", "sender": "NB757BDZS2HOQZ2N67I2SVSHI5M5UY4K4FYTZY73FUFKKWOYNE2VPA3IAI", "receiver": "UCSCMRUIFUMJMOA63KU7L3MXTPPSPH36UXVYEV6KQKIGRN6W36HAPYOMHU", "type": "Sent"}, {"date": "2022-06-12 07:54:01", "amount": "1.000", "sender": "NB757BDZS2HOQZ2N67I2SVSHI5M5UY4K4FYTZY73FUFKKWOYNE2VPA3IAI", "receiver": "OMHOHWRZWZ7YWHTPJTAZLHJE335FLRFPJWKG2SUE5PAB4M2CJ64TNKMRDY", "type": "Sent"}, {"date": "2022-06-11 19:26:58", "amount": "10.000", "sender": "NB757BDZS2HOQZ2N67I2SVSHI5M5UY4K4FYTZY73FUFKKWOYNE2VPA3IAI", "receiver": "UCSCMRUIFUMJMOA63KU7L3MXTPPSPH36UXVYEV6KQKIGRN6W36HAPYOMHU", "type": "Sent"}, {"date": "2022-06-11 18:55:54", "amount": "1.000", "sender": "UCSCMRUIFUMJMOA63KU7L3MXTPPSPH36UXVYEV6KQKIGRN6W36HAPYOMHU", "receiver": "NB757BDZS2HOQZ2N67I2SVSHI5M5UY4K4FYTZY73FUFKKWOYNE2VPA3IAI", "type": "Received"}, {"date": "2022-06-11 18:39:26", "amount": "10.000", "sender": "NB757BDZS2HOQZ2N67I2SVSHI5M5UY4K4FYTZY73FUFKKWOYNE2VPA3IAI", "receiver": "UCSCMRUIFUMJMOA63KU7L3MXTPPSPH36UXVYEV6KQKIGRN6W36HAPYOMHU", "type": "Sent"}, {"date": "2022-06-11 18:36:49", "amount": "1.000", "sender": "UCSCMRUIFUMJMOA63KU7L3MXTPPSPH36UXVYEV6KQKIGRN6W36HAPYOMHU", "receiver": "NB757BDZS2HOQZ2N67I2SVSHI5M5UY4K4FYTZY73FUFKKWOYNE2VPA3IAI", "type": "Received"}, {"date": "2022-06-10 17:17:13", "amount": "0.001", "sender": "NB757BDZS2HOQZ2N67I2SVSHI5M5UY4K4FYTZY73FUFKKWOYNE2VPA3IAI", "receiver": "UCSCMRUIFUMJMOA63KU7L3MXTPPSPH36UXVYEV6KQKIGRN6W36HAPYOMHU", "type": "Sent"}, {"date": "2022-06-10 17:13:04", "amount": "0.001", "sender": "NB757BDZS2HOQZ2N67I2SVSHI5M5UY4K4FYTZY73FUFKKWOYNE2VPA3IAI", "receiver": "UCSCMRUIFUMJMOA63KU7L3MXTPPSPH36UXVYEV6KQKIGRN6W36HAPYOMHU", "type": "Sent"}, {"date": "2022-06-10 15:23:17", "amount": "0.001", "sender": "NB757BDZS2HOQZ2N67I2SVSHI5M5UY4K4FYTZY73FUFKKWOYNE2VPA3IAI", "receiver": "UCSCMRUIFUMJMOA63KU7L3MXTPPSPH36UXVYEV6KQKIGRN6W36HAPYOMHU", "type": "Sent"}, {"date": "2022-06-10 15:11:23", "amount": "0.001", "sender": "UCSCMRUIFUMJMOA63KU7L3MXTPPSPH36UXVYEV6KQKIGRN6W36HAPYOMHU", "receiver": "NB757BDZS2HOQZ2N67I2SVSHI5M5UY4K4FYTZY73FUFKKWOYNE2VPA3IAI", "type": "Received"}, {"date": "2022-06-09 14:04:51", "amount": "100.000", "sender": "MMTNTTOQRYSWYZPISJZS43GS5L4YH2SHDEHV4WSQJQLV5ORABVAW4E5EKI", "receiver": "NB757BDZS2HOQZ2N67I2SVSHI5M5UY4K4FYTZY73FUFKKWOYNE2VPA3IAI", "type": "Received"}, {"date": "2022-06-07 12:02:00", "amount": "0.000", "sender": "NB757BDZS2HOQZ2N67I2SVSHI5M5UY4K4FYTZY73FUFKKWOYNE2VPA3IAI", "receiver": "Asset 94213440", "type": "NFT"}, {"date": "2022-06-07 12:00:57", "amount": "10.000", "sender": "DISPE57MNLYKOMOK3H5IMBAYOYW3YL2CSI6MDOG3RDXSMET35DG4W6SOTI", "receiver": "NB757BDZS2HOQZ2N67I2SVSHI5M5UY4K4FYTZY73FUFKKWOYNE2VPA3IAI", "type": "Received Algo"}, {"date": "2022-05-25 15:31:54", "amount": "0.000", "sender": "NB757BDZS2HOQZ2N67I2SVSHI5M5UY4K4FYTZY73FUFKKWOYNE2VPA3IAI", "receiver": "NB757BDZS2HOQZ2N67I2SVSHI5M5UY4K4FYTZY73FUFKKWOYNE2VPA3IAI", "type": "Sent"}, {"date": "2022-05-18 14:21:04", "amount": "0.250", "sender": "MMTNTTOQRYSWYZPISJZS43GS5L4YH2SHDEHV4WSQJQLV5ORABVAW4E5EKI", "receiver": "NB757BDZS2HOQZ2N67I2SVSHI5M5UY4K4FYTZY73FUFKKWOYNE2VPA3IAI", "type": "Received Algo"}]